id,issue_id,user_id,verdict,created_at
8208b2b7-bf3c-40b9-96ca-8c210e2af8f0,0bee3e91-73ef-492a-8297-2dc83c2bd455,6b58a952-865d-4d78-8593-d2baf5237f9b,true,2026-06-23T01:02:54.665Z
5b2fb8c2-20f2-432e-bec0-cc4f799cd714,01ffdb04-09c0-45cd-bed7-f44fd0c5d502,953afb2a-3a12-47fd-ae8a-fbe2278555f9,true,2026-06-19T07:31:59.286Z
6e4d30ae-ddaf-4de9-8424-e9a8b094de63,0bee3e91-73ef-492a-8297-2dc83c2bd455,701cdfa6-ebe1-40ab-9b58-159eccc81c94,true,2026-06-23T20:12:03.831Z
29baaff9-9df8-4a3a-a60c-ea2e2c2f5add,0bee3e91-73ef-492a-8297-2dc83c2bd455,9f66f94b-d47c-4c03-a1b5-57c92d3eb412,true,2026-06-20T16:52:46.218Z
ad79cfcc-1c35-4711-8d8b-a2b7f37017fb,e07a58d8-472d-4885-8c67-d9edd656a127,2f3c039a-8829-4460-89b6-3e244c31b4ab,false,2026-06-22T11:55:16.611Z
8e49d9cd-3a4a-4617-8f9a-c4c8de3821d1,5c3ae852-e0ed-482d-8304-af640fe91824,27d4d2cc-559c-4f17-88b4-c147cbf99d20,true,2026-06-22T06:21:59.381Z
99000efd-1e0a-446f-b6ca-0012c032d456,6ec9bbc4-08ff-472e-87d3-974742802836,701cdfa6-ebe1-40ab-9b58-159eccc81c94,true,2026-06-24T20:03:37.403Z
0fc6ba95-03b2-4047-a7bd-6a7f4ee23742,bc551fde-8174-4b01-8395-d5c0f0ca49f1,f5e35dc0-6fe4-40f1-b358-884969c30d23,true,2026-06-24T19:30:43.870Z
e50d6488-546d-49c6-9b05-dc8438ac0cca,6ec9bbc4-08ff-472e-87d3-974742802836,784b44c2-8d25-41a3-90ef-54fe7f400efa,true,2026-06-23T13:44:40.198Z
5d03026e-8b9d-472d-8d22-ccf6773140f3,ba54c631-947b-49b8-8c4d-1b8d7a9cde28,bd6a0bda-0c72-453f-a0c1-af4c5f2f3922,true,2026-06-21T17:29:11.719Z
04389f77-3ff7-4ee5-8c58-1b1183fcee2a,6ec9bbc4-08ff-472e-87d3-974742802836,701cdfa6-ebe1-40ab-9b58-159eccc81c94,true,2026-06-25T10:53:28.331Z
0b821fe2-6c1f-4c05-a177-ea6087c50346,12452ea4-ce8f-411c-b8c5-769a2ef37c9c,953afb2a-3a12-47fd-ae8a-fbe2278555f9,false,2026-06-22T16:39:43.491Z
1cac9a37-98c9-421a-97c2-3fa023d6dfa0,01ffdb04-09c0-45cd-bed7-f44fd0c5d502,6b58a952-865d-4d78-8593-d2baf5237f9b,false,2026-06-25T05:59:29.787Z
7804f9e1-a388-4cd0-98ec-af5947d20145,d3ae675b-c726-497c-8dfd-894b3ba92ed2,b15c7e39-4b9f-441b-8ed5-88e15a6fdded,true,2026-06-24T23:57:37.883Z
fb5bb7fd-3a63-45e1-9cf5-5df6e7d1c802,d3ae675b-c726-497c-8dfd-894b3ba92ed2,0db6097f-eab8-4695-be37-826692c16171,true,2026-06-18T10:32:04.934Z
f9163515-971b-43fe-9c41-fa85bf8ae377,b2d9fcfa-02cf-4418-84bd-02d315ba4cf2,82b3b179-9aa2-40b8-b1c2-e9dd9aadd1ef,true,2026-06-23T22:22:54.665Z
609d1d38-ef93-46d6-acd0-7c8268e0490c,32bae2eb-d14d-4e66-bbdb-95661e891279,47ec50bd-f0ca-4374-8d69-8397d66660e3,true,2026-06-22T10:32:11.335Z
32d078f1-1a94-4104-b931-a124af1ec8a7,01ffdb04-09c0-45cd-bed7-f44fd0c5d502,0c47824d-2679-462b-a32f-05a8794d4bf6,true,2026-06-21T13:52:33.056Z
65304e18-3fe0-4830-9d88-ce47288a2745,fe04dfac-30a0-4391-994d-12acc782a602,9f66f94b-d47c-4c03-a1b5-57c92d3eb412,true,2026-06-25T15:59:14.358Z
51b3bb90-3cbc-4a1b-ad9e-1997d8578a5b,d3ae675b-c726-497c-8dfd-894b3ba92ed2,9fadcf73-0f1f-40aa-bef6-711b0ac38143,true,2026-06-17T16:44:23.111Z
20c67ef7-9051-4a02-bcd7-f96562ce0e93,01711539-16e2-444a-883b-e98c1082d5f9,bd6a0bda-0c72-453f-a0c1-af4c5f2f3922,false,2026-06-17T18:19:40.599Z
102341f5-3504-434b-b605-a068c69d2cd7,f0aae319-14a3-40cd-bcd4-75e17bf1185a,6b58a952-865d-4d78-8593-d2baf5237f9b,true,2026-06-25T20:36:02.257Z
0c910337-c442-4f16-9ba2-1c6dbbc5c9a7,b248f030-52ed-4e60-8764-19d859007d24,f5e35dc0-6fe4-40f1-b358-884969c30d23,true,2026-06-25T19:05:47.873Z
2f524da6-58ea-404b-bc7f-8a6efef22244,ba54c631-947b-49b8-8c4d-1b8d7a9cde28,82b3b179-9aa2-40b8-b1c2-e9dd9aadd1ef,true,2026-06-21T23:53:39.885Z
63220f09-5b67-46d6-8098-7127423cab53,d3ae675b-c726-497c-8dfd-894b3ba92ed2,953afb2a-3a12-47fd-ae8a-fbe2278555f9,true,2026-06-20T04:50:07.647Z
813663ce-b79f-4c54-a103-4d832d7833f2,01ffdb04-09c0-45cd-bed7-f44fd0c5d502,0c47824d-2679-462b-a32f-05a8794d4bf6,true,2026-06-17T22:30:04.340Z
036256e6-f062-456a-8f7c-a2bd05f07412,0bee3e91-73ef-492a-8297-2dc83c2bd455,2f3c039a-8829-4460-89b6-3e244c31b4ab,true,2026-06-23T15:17:53.832Z
2d9d5eec-8144-4270-8fbd-a58d459e9c6e,e9574d86-c706-452d-b823-38f806de56df,0c47824d-2679-462b-a32f-05a8794d4bf6,false,2026-06-17T21:49:18.997Z
cc8330b4-7163-4c2a-9923-f9e4d637aeb6,e243cb03-17c8-403f-a95a-67bf6acb2503,784b44c2-8d25-41a3-90ef-54fe7f400efa,true,2026-06-25T21:38:47.634Z
59083469-0b6b-40ae-a39c-2c09d82fa2e2,f22cc353-ab54-4d03-b973-e4d385ac2eea,494af61b-6ab6-4479-9871-f9eb6f5d1d57,false,2026-06-18T13:24:43.009Z
2f137460-8be5-4b1d-a837-b0eaa5a03b48,d944f006-6280-4ee4-ae12-b9eada57a367,0db6097f-eab8-4695-be37-826692c16171,true,2026-06-25T16:46:22.559Z
85726aca-3637-46ef-adac-fb8f820520b2,1c8e63a6-4f45-4a2c-a3b5-e782c9ef3ca8,0c47824d-2679-462b-a32f-05a8794d4bf6,true,2026-06-16T21:23:55.032Z
0d81cc05-da34-4027-9435-58fd69e35d2d,01ffdb04-09c0-45cd-bed7-f44fd0c5d502,9f66f94b-d47c-4c03-a1b5-57c92d3eb412,true,2026-06-19T18:54:21.638Z
66d80bce-f4bf-47f3-935d-007244a4b4bd,bc551fde-8174-4b01-8395-d5c0f0ca49f1,494af61b-6ab6-4479-9871-f9eb6f5d1d57,true,2026-06-22T23:51:48.275Z
342bc7d7-bb87-4a43-95dd-43f7c20ec96d,b248f030-52ed-4e60-8764-19d859007d24,93c0be33-6484-4244-b5e8-c93f5b030ecd,true,2026-06-24T18:18:27.301Z
b3f7976b-f17c-4fca-b89f-00f5e0a712eb,fe04dfac-30a0-4391-994d-12acc782a602,953afb2a-3a12-47fd-ae8a-fbe2278555f9,false,2026-06-22T01:21:48.388Z
842f471e-a2f4-4e5b-a393-7f85a861b279,32bae2eb-d14d-4e66-bbdb-95661e891279,93c0be33-6484-4244-b5e8-c93f5b030ecd,true,2026-06-19T05:52:35.233Z
af6a16b6-d151-413f-be11-3aae59ce1e77,6ec9bbc4-08ff-472e-87d3-974742802836,9f66f94b-d47c-4c03-a1b5-57c92d3eb412,true,2026-06-18T06:02:00.006Z
7d13854e-d2c6-452a-aadf-587f5610cfab,f0aae319-14a3-40cd-bcd4-75e17bf1185a,6b58a952-865d-4d78-8593-d2baf5237f9b,true,2026-06-22T12:57:37.863Z
e5ef14a7-3896-49a5-98c7-d08d53d8784b,b248f030-52ed-4e60-8764-19d859007d24,0db6097f-eab8-4695-be37-826692c16171,true,2026-06-18T15:19:29.211Z